Barcode,SubSection,Artical,Size,Qty,MRP
2304DR5118,T-SHIRT,HT728,L,1,3299
2304DR3479,T-SHIRT,HT720,M,1,3299
2304DR3528,T-SHIRT,HT720,XL,1,3299
2305DR2134,T-SHIRT,HT758,M,1,3299
2305DR2199,T-SHIRT,HT758,XL,1,3299
2304DR3526,T-SHIRT,HT720,L,1,3299
2304DR7236,T-SHIRT Round,HT738,XXL,1,2899
2305DR2163,T-SHIRT,HT758,L,1,3299
2403DR1418,T-SHIRT,HT774,XL,1,2999
2305DR1303,T-SHIRT Round,HT749,XXL,1,2899
2305DR1240,T-SHIRT Round,HT749,L,1,2899
2305DR1227,T-SHIRT Round,HT749,M,1,2899
2304DR3792,T-SHIRT,HT722,XXL,1,3299
2302DR325,T-SHIRT,HT604,XL,1,2499
2302DR316,T-SHIRT,HT604,L,1,2499
2302DR296,T-SHIRT,HT604,M,1,2499
2207DR6549,T-SHIRT,HT634,XXL,1,2499
2207DR6495,T-SHIRT,HT634,XL,1,2499
2211DR1012,T-SHIRT,HT634,M,1,2499
2402DR195,T-SHIRT,HT764,S,1,2499
2403DR522,T-SHIRT,HT771,XL,1,2999
2403DR466,T-SHIRT,HT771,M,1,2999
2403DR547,T-SHIRT,HT771,XXL,1,2999
2403DR544,T-SHIRT,HT771,XXL,1,2999
2304DR4119,T-SHIRT,HT726,M,1,3299
2305DR2166,T-SHIRT,HT758,L,1,3299
2304DR4168,T-SHIRT,HT726,XL,1,3299
2304DR4125,T-SHIRT,HT726,M,1,3299
2402DR269,T-SHIRT,HT765,S,1,2499
2304DR4147,T-SHIRT,HT726,L,1,3299
2304DR4158,T-SHIRT,HT726,XL,1,3299
2305DR2180,T-SHIRT,HT758,XL,1,3299
2402DR317,T-SHIRT,HT765,L,1,2499
2403DR625,T-SHIRT,HT772,XL,1,2999
2403DR640,T-SHIRT,HT772,XXL,1,2999
2403DR1291,T-SHIRT,HT774,M,1,2999
2403DR1309,T-SHIRT,HT774,L,1,2999
2303DR2219,T-SHIRT,HT611,L,1,2499
2304DR1964,T-SHIRT,HT698,L,1,3299
2304DR637,T-SHIRT,HT693,M,1,3299
2304DR5492,T-SHIRT,HT731,XXL,1,3299
2304DR5709,T-SHIRT,HT734,M,1,3299
2304DR7294,T-SHIRT Round,HT739,L,1,2899
2304DR7307,T-SHIRT Round,HT739,XL,1,2899
2304DR7496,T-SHIRT Round,HT741,L,1,2899
2304DR7013,T-SHIRT Round,HT736,M,1,2899
2304DR7488,T-SHIRT Round,HT741,M,1,2899
2303DR703,T-SHIRT,HT616,L,1,2499
2303DR766,T-SHIRT,HT616,XL,1,2499
2303DR741,T-SHIRT,HT616,XL,1,2499
2303DR727,T-SHIRT,HT616,L,1,2499
2308DR4452,T-SHIRT,HT761,L,1,3299
2308DR4393,T-SHIRT,HT761,M,1,3299
2308DR4363,T-SHIRT,HT760,XXL,1,3299
2308DR4348,T-SHIRT,HT760,XL,1,3299
2308DR4210,T-SHIRT,HT760,M,1,3299
2302DR244,T-SHIRT,HT603,L,1,2499
2302DR228,T-SHIRT,HT603,M,1,2499
2308DR4638,T-SHIRT,HT759,L,1,3299
2308DR4619,T-SHIRT,HT759,M,1,3299
2304DR3692,T-SHIRT,HT722,M,1,3299
2308DR6072,T-SHIRT,HT762,L,1,3299
2208DR8354,NITTING,AT228,XXL,1,4499
2208DR8335,NITTING,AT228,XL,1,4499
2209DR7857,NITTING,AT244,L,1,4499
2209DR7858,NITTING,AT244,XL,1,4499
2209DR7843,NITTING,AT244,M,1,4499
2208DR7684,NITTING,AT216,M,1,4499
2208DR7716,NITTING,AT216,XL,1,4499
2208DR7323,NITTING,AT209,XXL,1,4499
2208DR8840,NITTING,AT234,XL,1,4499
2208DR8832,NITTING,AT234,L,1,4499
23022660,HS-SHIRT,HS9155,M,1,2999
23034017,HS-SHIRT,HS9191,L,1,2999
23031102,HS-SHIRT,HS9170,M,1,2999
2302992,HS-SHIRT,HS9125,M,1,2999
23021043,HS-SHIRT,HS9125,XL,1,2999
2302DR5347,HS-SHIRT,HS9075,XL,1,2999
23034737,HS-SHIRT,HS9143,L,1,2999
23034721,HS-SHIRT,HS9143,L,1,2999
2303455,HS-SHIRT,HS9138,M,1,2999
2303482,HS-SHIRT,HS9138,L,1,2999
2303526,HS-SHIRT,HS9138,XXL,1,2999
2306DR6512,HS-SHIRT,HS9210,M,1,2999
2306DR6537,HS-SHIRT,HS9210,L,1,2999
2306DR6568,HS-SHIRT,HS9210,XXL,1,2999
77710021386,FS-SHIRT,3405,3XL,1,1499
2302DR4458,HS-SHIRT,HS9063,XXL,1,2999
2302DR4414,HS-SHIRT,HS9063,XL,1,2999
2302DR4492,HS-SHIRT,HS9065,L,1,2999
2302DR4471,HS-SHIRT,HS9065,M,1,2999
2302DR4540,HS-SHIRT,HS9065,XXL,1,2999
2302DR4508,HS-SHIRT,HS9065,XL,1,2999
23031542,HS-SHIRT,HS9136,XL,1,2999
23031506,HS-SHIRT,HS9136,M,1,2999
23031562,HS-SHIRT,HS9136,XXL,1,2999
23031941,HS-SHIRT,HS9141,M,1,2999
23034489,HS-SHIRT,HS9197,XL,1,2999
23034514,HS-SHIRT,HS9197,XXL,1,2999
2303922,HS-SHIRT,HS9119P,XXL,1,2999
2303879,HS-SHIRT,HS9119P,L,1,2999
23032860,HS-SHIRT,HS9171,M,1,2999
23031171,HS-SHIRT,HS9170,3XL,1,3199
23034759,HS-SHIRT,HS9143,XXL,1,2999
2305DR6824,HS-SHIRT,HS9205,3XL,1,3199
2305DR6761,HS-SHIRT,HS9205,M,1,2999
23034658,HS-SHIRT,HS9139,XL,1,2999
23034688,HS-SHIRT,HS9139,XXL,1,2999
23034820,HS-SHIRT,HS9159,XL,1,2999
23034780,HS-SHIRT,HS9159,M,1,2999
23034788,HS-SHIRT,HS9159,M,1,2999
23034810,HS-SHIRT,HS9159,L,1,2999
2302DR4145,HS-SHIRT,HS9083,L,1,2999
2302DR4165,HS-SHIRT,HS9083,XL,1,2999
2304729,HS-SHIRT,HS9158,L,1,2999
23033772,HS-SHIRT,HS9156,L,1,2999
23033740,HS-SHIRT,HS9156,M,1,2999
2304717,HS-SHIRT,HS9158,M,1,2999
77710022129,FS-SHIRT,3330,4XL,1,1599
77710021327,HS-SHIRT,3335,4XL,1,1499
77710021377,HS-SHIRT,H4269,4XL,1,1599
77710022258,FS-SHIRT,S-5600,3XL,1,2499
77710018632,FS-SHIRT,5302FC,3XL,1,2099
77710021352,HS-SHIRT,H4280,4XL,1,1499
77710025727,FS-SHIRT,3396,4XL,1,1599
2309DR6798,FS-SHIRT,9273FC,XL,1,2999
77710012928,FS-SHIRT,S-5600,3XL,1,2499
77710026002,FS-SHIRT,SHIRTS-1699,4XL,1,1799
2302DR5227,HS-SHIRT,HS9073,3XL,1,3199
77710021000,FS-SHIRT,3430,3XL,1,2199
77710006837,FS-SHIRT,S-5600,3XL,1,2499
190810135,FS-SHIRT,5780CK,3XL,1,2399
77710013106,FS-SHIRT,S5600,3XL,1,2499
2301DR1160,HS-SHIRT,HS9076,XL,1,4599
2301DR1125,HS-SHIRT,HS9076,L,1,4599
2301DR1242,HS-SHIRT,HS9077,XL,1,4499
2302DR3626,HS-SHIRT,HS9078,L,1,2999
2302DR3707,HS-SHIRT,HS9078,XL,1,2999
2302DR3610,HS-SHIRT,HS9078,M,1,2999
2302DR3716,HS-SHIRT,HS9078,XL,1,2999
2302DR3750,HS-SHIRT,HS9078,XXL,1,2999
2302DR3678,HS-SHIRT,HS9078,XL,1,2999
23034450,HS-SHIRT,HS9197,M,1,2999
2305DR4439,FS-SHIRT,8951FC,XL,1,2999
2307DR4773,FS-SHIRT,8862F,M,1,2999
2306DR4110,FS-SHIRT,8942FC,XL,1,2999
2306DR4078,FS-SHIRT,8942FC,M,1,2999
2306DR739,FS-SHIRT,8970FC,XXL,1,2999
2306DR4517,FS-SHIRT,8977FC,XXL,1,2999
2310DR5789,FS-SHIRT,9486FC,XXL,1,2999
2305DR4199,FS-SHIRT,8980FC,XL,1,2999
2304DR13005,FS-SHIRT,8939FC,L,1,2999
2209DR1552,FS-SHIRT,8748FC,L,1,2499
2209DR5862,FS-SHIRT,8701FC,XXL,1,2499
2201DR3483,FS-SHIRT,8705FC,L,1,2499
2201DR4299,FS-SHIRT,8802FC,XL,1,2899
2201DR4293,FS-SHIRT,8802FC,L,1,2899
2210DR3436,FS-SHIRT,8703FC,XXL,1,2499
2209DR1067,FS-SHIRT,8639FC,S,1,2499
2208DR11269,FS-SHIRT,8649FC,L,1,2599
2304DR13688,FS-SHIRT,8909FC,XL,1,2999
2310DR5937,FS-SHIRT,9488FC,L,1,2999
2304DR14509,FS-SHIRT,8948FC,XL,1,2999
2304DR14487,FS-SHIRT,8948FC,L,1,2999
2208DR11675,FS-SHIRT,8731FC,XXL,1,2599
2208DR11663,FS-SHIRT,8731FC,XL,1,2599
2208DR11668,FS-SHIRT,8731FC,XL,1,2599
2208DR11633,FS-SHIRT,8731FC,L,1,2599
2201DR3518,FS-SHIRT,8705FC,XXL,1,2499
2309DR7487,FS-SHIRT,9293FC,XXL,1,2999
2309DR7469,FS-SHIRT,9293FC,L,1,2999
2201DR951,FS-SHIRT,8213FC,XL,1,2599
2201DR917,FS-SHIRT,8213FC,L,1,2599
2209DR1016,FS-SHIRT,8724FC,L,1,2499
2211DR1981,FS-SHIRT,8776FL,XL,1,2499
2205DR6053,FS-SHIRT,8497FC,L,1,2599
2201DR2458,FS-SHIRT,8232FC,M,1,2599
2304DR13654,FS-SHIRT,8909FC,M,1,2999
2210DR1745,FS-SHIRT,8744FC,XL,1,2499
2210DR1780,FS-SHIRT,8744FC,XXL,1,2499
2209DR6374,FS-SHIRT,8715FC,L,1,2499
2209DR6395,FS-SHIRT,8715FC,XL,1,2499
2209DR6343,FS-SHIRT,8715FC,M,1,2499
2304DR11924,FS-SHIRT,8933FC,M,1,2999
2304DR11933,FS-SHIRT,8933FC,L,1,2999
2304DR11941,FS-SHIRT,8933FC,L,1,2999
2304DR11966,FS-SHIRT,8933FC,XL,1,2999
2209DR7137,FS-SHIRT,8737FC,M,1,2499
2210DR3801,FS-SHIRT,8722FC,XL,1,2499
2210DR3777,FS-SHIRT,8722FC,L,1,2499
2210DR3745,FS-SHIRT,8722FC,M,1,2499
2210DR3805,FS-SHIRT,8722FC,XXL,1,2499
2201DR4172,FS-SHIRT,8800FC,XL,1,2899
2201DR4173,FS-SHIRT,8800FC,XL,1,2899
2201DR4180,FS-SHIRT,8800FC,XXL,1,2899
2209DR1084,FS-SHIRT,8639FC,L,1,2499
2205DR2422,FS-SHIRT,8328FC,XL,1,2499
2205DR2089,FS-SHIRT,8326FC,XXL,1,2499
2201DR4269,FS-SHIRT,8802FC,M,1,2899
2208DR11562,FS-SHIRT,8716FC,L,1,2599
2209DR945,FS-SHIRT,8723FC,L,1,2499
2209DR965,FS-SHIRT,8723FC,XL,1,2499
2209DR988,FS-SHIRT,8723FC,XXL,1,2499
2209DR986,FS-SHIRT,8723FC,XXL,1,2499
23041428,FS-SHIRT,8961FC,XL,1,2999
23041417,FS-SHIRT,8961FC,L,1,2999
2205DR329,FS-SHIRT,8400FC,L,1,2499
23041411,FS-SHIRT,8961FC,M,1,2999
2304DR12044,FS-SHIRT,8934FC,XXL,1,2999
2304DR12037,FS-SHIRT,8934FC,XL,1,2999
2304DR12024,FS-SHIRT,8934FC,XL,1,2999
2304DR12030,FS-SHIRT,8934FC,XL,1,2999
2304DR12012,FS-SHIRT,8934FC,L,1,2999
2210DR6270,FS-SHIRT,8804FC,XXL,1,2599
2210DR6267,FS-SHIRT,8804FC,XL,1,2599
2208DR9433,FS-SHIRT,8582FC,L,1,2599
2304DR13732,FS-SHIRT,8907FC,L,1,2999
2208DR9459,FS-SHIRT,8582FC,XXL,1,2599
2307DR4270,FS-SHIRT,8915FC,XL,1,2999
2307DR4279,FS-SHIRT,8915FC,XXL,1,2999
2209DR1276,FS-SHIRT,8736FC,L,1,2499
2304DR11619,FS-SHIRT,8928FC,S,1,2999
2209DR1320,FS-SHIRT,8736FC,XXL,1,2499
2304DR14098,FS-SHIRT,8921FC,XL,1,2999
2209DR2489,FS-SHIRT,8695FC,L,1,2499
2209DR2528,FS-SHIRT,8695FC,XXL,1,2499
2210DR2277,FS-SHIRT,8633FC,L,1,2499
2210DR2288,FS-SHIRT,8633FC,XL,1,2499
2310DR4541,FS-SHIRT,9395F,M,1,2999
23101588,FS-SHIRT,9271F,M,1,2999
2210DR7201,FS-SHIRT,8796FC,XXL,1,2599
2210DR7136,FS-SHIRT,8796FC,L,1,2599
2211DR1320,FS-SHIRT,8696FC,L,1,2499
2211DR1368,FS-SHIRT,8696FC,XXL,1,2499
2211DR1342,FS-SHIRT,8696FC,XL,1,2499
2304DR6108,FS-SHIRT,8966FC,XXL,1,2999
2210DR893,FS-SHIRT,8740FC,XXL,1,2499
2209DR3690,FS-SHIRT,8764FC,L,1,2499
2209DR3719,FS-SHIRT,8764FC,XXL,1,2499
2304DR8318,FS-SHIRT,8978FC,M,1,2999
2304DR8326,FS-SHIRT,8978FC,L,1,2999
2304DR8337,FS-SHIRT,8978FC,XL,1,2999
2208DR11162,FS-SHIRT,8756FC,XL,1,2599
2209DR2866,FS-SHIRT,8761FC,XXL,1,2499
2304DR13823,FS-SHIRT,8908FC,L,1,2999
2304DR13793,FS-SHIRT,8908FC,M,1,2999
2304DR13832,FS-SHIRT,8908FC,XL,1,2999
2304DR6381,FS-SHIRT,8916FC,L,1,2999
2304DR6402,FS-SHIRT,8916FC,XL,1,2999
2304DR6415,FS-SHIRT,8916FC,XXL,1,2999
2304DR14331,FS-SHIRT,8943FC,L,1,2999
2304DR14285,FS-SHIRT,8941FC,XL,1,2999
2304DR14348,FS-SHIRT,8943FC,XL,1,2999
2304DR11831,FS-SHIRT,8931FC,XL,1,2999
2304DR11830,FS-SHIRT,8931FC,XL,1,2999
2304DR11729,FS-SHIRT,8929FC,XL,1,2999
2304DR11714,FS-SHIRT,8929FC,L,1,2999
2310DR9026,FS-SHIRT,9555FC,L,1,2999
2304DR11892,FS-SHIRT,8932FC,L,1,2999
2310DR9035,FS-SHIRT,9555FC,XL,1,2999
2310DR5939,FS-SHIRT,9488FC,L,1,2999
2302DR9704,FS-SHIRT,9558FC,S,1,2999
2302DR9744,FS-SHIRT,9558FC,XL,1,2999
2208DR9259,FS-SHIRT,8579FC,XL,1,2599
2301DR3050,FS-SHIRT,9556FC,XL,1,2999
2304DR11608,FS-SHIRT,8927FC,XL,1,2999
2304DR11554,FS-SHIRT,8927FC,S,1,2999
2304DR11574,FS-SHIRT,8927FC,L,1,2999
2304DR14265,FS-SHIRT,8941FC,L,1,2999
2304DR14247,FS-SHIRT,8941FC,M,1,2999
2210DR1724,FS-SHIRT,8744FC,L,1,2499
2304DR12083,FS-SHIRT,8935FC,L,1,2999
2210DR1692,FS-SHIRT,8745FC,XXL,1,2499
2309DR2707,FS-SHIRT,9062F,XL,1,2999
2309DR2678,FS-SHIRT,9062F,M,1,2999
2211DR1093,FS-SHIRT,8765FC,XXL,1,2499
2209DR2785,FS-SHIRT,8760FC,XXL,1,2499
2209DR2740,FS-SHIRT,8760FC,L,1,2499
2305DR4211,FS-SHIRT,8980FC,XXL,1,2999
2307DR813,FS-SHIRT,8814F,XL,1,2999
2305DR10821,FM SHIRT,FM1049,XL,1,2399
23061693,FS-SHIRT,9266F,XL,1,2999
2309DR4390,FS-SHIRT,9387FL,XXL,1,2999
23061710,FS-SHIRT,9266F,XXL,1,2999
23061702,FS-SHIRT,9266F,XL,1,2999
2309DR4559,FS-SHIRT,ACID-1493,L,1,2999
2309DR4530,FS-SHIRT,9389FL,XL,1,2999
2309DR4537,FS-SHIRT,9389FL,XXL,1,2999
2301DR2402,FS-SHIRT,9513FL,XXL,1,2999
2310DR10765,FS-SHIRT,9514FL,M,1,2999
2310DR10794,FS-SHIRT,9514FL,XXL,1,2999
2207DR918,FS-SHIRT,8602F,M,1,2599
2207DR942,FS-SHIRT,8602F,XL,1,2599
2207DR3044,FS-SHIRT,8603F,L,1,2599
2207DR3055,FS-SHIRT,8603F,XL,1,2599
2207DR3094,FS-SHIRT,8600F,XL,1,2599
2309DR4498,FS-SHIRT,ACID-1492,XL,1,2999
2207DR1027,FS-SHIRT,8607F,XXL,1,2599
2308DR3941,FS-SHIRT,9263FC,M,1,2999
2308DR3913,FS-SHIRT,9262FC,XL,1,2999
2308DR3974,FS-SHIRT,9263FC,L,1,2999
2308DR3963,FS-SHIRT,9263FC,L,1,2999
2308DR3984,FS-SHIRT,9263FC,XL,1,2999
2211DR1916,FS-SHIRT,8693FP,M,1,2499
2211DR1924,FS-SHIRT,8693FP,L,1,2499
23102826,FS-SHIRT,9422FP,M,1,2999
23102829,FS-SHIRT,9422FP,L,1,2999
23102836,FS-SHIRT,9422FP,XL,1,2999
2208DR5892,FS-SHIRT,8541FP,M,1,2799
77710007166,FS-SHIRT,4643FC,3XL,1,1899
2208DR5900,FS-SHIRT,8541FP,L,1,2799
2307DR2329,FS-SHIRT,9017FP,M,1,2999
2208DR5913,FS-SHIRT,8541FP,XL,1,2799
2306DR17,FS-SHIRT,9012FP,M,1,2999
2202DR5892,FS-SHIRT,8257FP,M,1,2599
2202DR5938,FS-SHIRT,8257FP,XL,1,2599
2202DR4471,FS-SHIRT,8296FP,M,1,2599
2205DR6258,FS-SHIRT,8416FP,M,1,2799
2205DR6509,FS-SHIRT,8420FP,M,1,2799
2205DR6540,FS-SHIRT,8420FP,XL,1,2799
2205DR6304,FS-SHIRT,8416FP,XL,1,2799
2305DR732,FS-SHIRT,9028FP,M,1,2999
2306DR46,FS-SHIRT,9012FP,L,1,2999
2306DR51,FS-SHIRT,9012FP,XL,1,2999
2306DR77,FS-SHIRT,9012FP,XXL,1,2999
2304DR8386,FS-SHIRT,8979FC,L,1,2999
2304DR8405,FS-SHIRT,8979FC,XL,1,2999
2304DR8418,FS-SHIRT,8979FC,XXL,1,2999
2301DR3471,FS-SHIRT,9578FC,XXL,1,2999
2301DR3435,FS-SHIRT,9577FC,XXL,1,2999
23121725,FS-SHIRT,9311FC,L,1,2999
23121738,FS-SHIRT,9311FC,XL,1,2999
23121698,FS-SHIRT,9311FC,M,1,2999
2304DR13133,FS-SHIRT,8953FC,XL,1,2999
23061784,FS-SHIRT,9267F,XL,1,2999
23061748,FS-SHIRT,9267F,L,1,2999
2310DR7637,FS-SHIRT,ACID-1491,M,1,2999
2310DR7613,FS-SHIRT,9382FL,L,1,2999
,COTTON TROUSER,CT893,30,1,2999
2310DR7607,FS-SHIRT,9382FL,L,1,2999
23061760,FS-SHIRT,9267F,L,1,2999
23061768,FS-SHIRT,9267F,L,1,2999
2310DR7619,FS-SHIRT,9382FL,XL,1,2999
2310DR7608,FS-SHIRT,9382FL,L,1,2999
2105975,FS-SHIRT,7523FL,M,1,2599
2207DR3132,FS-SHIRT,8601F,L,1,2599
2207DR3139,FS-SHIRT,8601F,XL,1,2599
2205DR606,FS-SHIRT,8404FC,M,1,2499
2208DR12269,FS-SHIRT,8834F,M,1,2999
2208DR12276,FS-SHIRT,8834F,L,1,2999
2208DR12287,FS-SHIRT,8834F,XL,1,2999
2208DR12286,FS-SHIRT,8834F,XL,1,2999
2208DR12294,FS-SHIRT,8834F,XXL,1,2999
2208DR7431,FS-SHIRT,8560F,L,1,2599
2208DR7425,FS-SHIRT,8560F,M,1,2599
2309123,FS-SHIRT,9270F,M,1,2999
2309143,FS-SHIRT,9270F,L,1,2999
2309162,FS-SHIRT,9270F,XL,1,2999
201214451,FS-SHIRT,7325F,M,1,2499
201214468,FS-SHIRT,7325F,L,1,2499
201214513,FS-SHIRT,7325F,XXL,1,2499
2208DR7412,FS-SHIRT,8559F,XL,1,2599
2108803,FS-SHIRT,7650F,M,1,2499
2108862,FS-SHIRT,7650F,XL,1,2499
2205DR5610,FS-SHIRT,8438F,XL,1,2599
2108DR892,FS-SHIRT,8038FC,M,1,2599
2309DR1513,FS-SHIRT,9104F,M,1,2999
2309DR1543,FS-SHIRT,9104F,L,1,2999
2309DR1578,FS-SHIRT,9104F,XL,1,2999
2309DR1589,FS-SHIRT,9104F,XXL,1,2999
2309DR2857,FS-SHIRT,9055F,L,1,2999
2309DR2824,FS-SHIRT,9055F,M,1,2999
23101513,FS-SHIRT,9269F,M,1,2999
23101576,FS-SHIRT,9269F,XL,1,2999
2309DR2655,FS-SHIRT,9061F,XXL,1,2999
2309DR2611,FS-SHIRT,9061F,M,1,2999
23101605,FS-SHIRT,9271F,L,1,2999
23101596,FS-SHIRT,9271F,M,1,2999
23101654,FS-SHIRT,9271F,XXL,1,2999
23101631,FS-SHIRT,9271F,XL,1,2999
2112DR2612,FS-SHIRT,8203F,M,1,2699
2112DR2637,FS-SHIRT,8203F,L,1,2699
2112DR2652,FS-SHIRT,8203F,XL,1,2699
201213414,FS-SHIRT,7333F,XL,1,2499
21081397,FS-SHIRT,7362F,M,1,2999
2107DR3126,FS-SHIRT,7572F,M,1,2499
2107DR3375,FS-SHIRT,7572F,XL,1,2499
2107DR3326,FS-SHIRT,7572F,XL,1,2499
201214517,FS-SHIRT,7327F,S,1,2499
2309DR2753,FS-SHIRT,9051F,M,1,2999
2309DR2783,FS-SHIRT,9051F,XL,1,2999
2309DR2800,FS-SHIRT,9051F,XXL,1,2999
190413857,FS-SHIRT,5326F,3XL,1,1799
21081059,FS-SHIRT,7571F,L,1,2499
2309DR480,FS-SHIRT,8856F,L,1,2999
2305DR10375,FM SHIRT,FM1016,M,1,2499
2305DR10410,FM SHIRT,FM1017,S,1,2499
2305DR10371,FM SHIRT,FM1016,M,1,2499
2308DR712,FM SHIRT,FM1025,L,1,2499
2305DR10420,FM SHIRT,FM1017,L,1,2499
2308DR692,FM SHIRT,FM1025,S,1,2499
2308DR492,FM SHIRT,FM1036,M,1,2499
2308DR497,FM SHIRT,FM1036,L,1,2499
2308DR508,FM SHIRT,FM1036,XL,1,2499
2308DR478,FM SHIRT,FM1036,S,1,2499
2302DR4632,HS-SHIRT,HS9066,XXL,1,2999
2302DR4605,HS-SHIRT,HS9066,XL,1,2999
23034833,HS-SHIRT,HS9159,XXL,1,2999
2309DR2793,FS-SHIRT,9051F,XL,1,2999
2309DR2799,FS-SHIRT,9051F,XXL,1,2999
2309DR2742,FS-SHIRT,9051F,M,1,2999
23101644,FS-SHIRT,9271F,XL,1,2999
23101593,FS-SHIRT,9271F,M,1,2999
2308DR3991,FS-SHIRT,9263FC,XL,1,2999
2308DR3938,FS-SHIRT,9263FC,M,1,2999
2208DR12266,FS-SHIRT,8834F,M,1,2999
2309DR2765,FS-SHIRT,9051F,L,1,2999
2309DR2791,FS-SHIRT,9051F,XL,1,2999
2309DR2745,FS-SHIRT,9051F,M,1,2999
2309DR2801,FS-SHIRT,9051F,XXL,1,2999
23101646,FS-SHIRT,9271F,XL,1,2999
23101653,FS-SHIRT,9271F,XXL,1,2999
23101615,FS-SHIRT,9271F,L,1,2999
2308DR676,FM SHIRT,FM1027,L,1,2499
2308DR660,FM SHIRT,FM1027,S,1,2499
2308DR670,FM SHIRT,FM1027,M,1,2499
2310DR1674,FS-SHIRT,9463F,L,1,2499
19091256,FS-SHIRT,5673F,XL,1,2499
77710019418,FS-SHIRT,F5433,4XL,1,2099
19088984,FS-SHIRT,F5420,4XL,1,2099
77710019513,FS-SHIRT,F5447,4XL,1,2099
77710024846,FS-SHIRT,3535,3XL,1,1799
77710022970,FS-SHIRT,5400F,3XL,1,2599
20062111,FS-SHIRT,SHIRT1299,3XL,1,1399
19042281,HS-SHIRT,5460-HS,3XL,1,1999
77710019496,FS-SHIRT,F5445,3XL,1,2099
2210DR5274,FS-SHIRT,8779FL,XXL,1,2599
2210DR6562,FS-SHIRT,8808FC,XXL,1,2599
2210DR7319,FS-SHIRT,8797FC,XXL,1,2599
2209DR3017,FS-SHIRT,8763FC,XXL,1,2499
2310DR5790,FS-SHIRT,9486FC,XXL,1,2999
2309DR6752,FS-SHIRT,9272FC,XXL,1,2999
2201DR3974,FS-SHIRT,8775FL,XXL,1,2499
2308DR5395,FM SHIRT,FM1028,M,1,2599
2308DR5385,FM SHIRT,FM1028,S,1,2599
2308DR5410,FM SHIRT,FM1028,L,1,2599
2308DR518,FM SHIRT,FM1021,S,1,2499
2308DR546,FM SHIRT,FM1021,XL,1,2499
2308DR526,FM SHIRT,FM1021,M,1,2499
2308DR984,FM SHIRT,FM1039,S,1,2499
2308DR1004,FM SHIRT,FM1039,L,1,2499
2308DR996,FM SHIRT,FM1039,M,1,2499
2310DR1075,FS-SHIRT,9458F,M,1,2499
2305DR7508,FM SHIRT,FM1007,S,1,2499
2305DR10382,FM SHIRT,FM1016,M,1,2499
2308DR942,FM SHIRT,FM1037,S,1,2499
2305DR10369,FM SHIRT,FM1016,S,1,2499
2305DR10384,FM SHIRT,FM1016,L,1,2499
2305DR10367,FM SHIRT,FM1016,S,1,2499
2310DR1847,FS-SHIRT,9465F,L,1,2499
2310DR1469,FS-SHIRT,9461F,XL,1,2499
2308DR1039,FM SHIRT,FM1040,L,1,2499
2308DR1043,FM SHIRT,FM1040,XL,1,2499
2305DR10795,FM SHIRT,FM1049,S,1,2399
2305DR10868,FM SHIRT,FM1056,S,1,2399
2305DR11002,FM SHIRT,FM1065,M,1,2499
2310DR10714,FM SHIRT,FM1084,M,1,2499
2308DR5259,FM SHIRT,FM1066,S,1,2599
2305DR11020,FM SHIRT,FM1065,L,1,2499
2308DR5279,FM SHIRT,FM1066,L,1,2599
2308DR5287,FM SHIRT,FM1066,XL,1,2599
2305DR10995,FM SHIRT,FM1065,S,1,2499
2310DR10466,FM SHIRT,FM1079,XL,1,2499
2310DR1385,FS-SHIRT,9460F,XL,1,2499
2310DR1540,FS-SHIRT,9462F,L,1,2499
2310DR1490,FS-SHIRT,9462F,M,1,2499
2305DR10816,FM SHIRT,FM1049,L,1,2399
2305DR10806,FM SHIRT,FM1049,M,1,2399
2308DR1015,FM SHIRT,FM1040,S,1,2499
2308DR5289,FM SHIRT,FM1066,XL,1,2599
2305DR11035,FM SHIRT,FM1019,S,1,2499
2305DR11058,FM SHIRT,FM1019,L,1,2499
2305DR11062,FM SHIRT,FM1019,XL,1,2499
2305DR11049,FM SHIRT,FM1019,M,1,2499
2305DR7607,FM SHIRT,FM1008,S,1,2499
2305DR7599,FM SHIRT,FM1008,S,1,2499
2305DR7633,FM SHIRT,FM1008,M,1,2499
2305DR7675,FM SHIRT,FM1008,XL,1,2499
2305DR7534,FM SHIRT,FM1007,M,1,2499
2305DR7505,FM SHIRT,FM1007,S,1,2499
2305DR7559,FM SHIRT,FM1007,L,1,2499
2310DR4982,FS-SHIRT,ACID-1550,XL,1,2999
2310DR4952,FS-SHIRT,ACID-1550,M,1,2999
2310DR4937,FS-SHIRT,9481FC,L,1,2999
2310DR4957,FS-SHIRT,ACID-1550,M,1,2999
2310DR4824,FS-SHIRT,ACID-1548,L,1,2999
2310DR4834,FS-SHIRT,ACID-1548,XL,1,2999
2310DR4815,FS-SHIRT,ACID-1548,M,1,2999
2310DR4923,FS-SHIRT,9481FC,M,1,2999
2310DR4966,FS-SHIRT,ACID-1550,M,1,2999
2310DR4987,FS-SHIRT,ACID-1550,XL,1,2999
2310DR4991,FS-SHIRT,ACID-1550,XXL,1,2999
2308DR3679,DENIM,D1572B,32,1,4599
2209DR1714,DENIM,D1463,32,1,4499
2306DR3601,DENIM,D1550,32,1,4599
2306DR7828,DENIM,D1568A,32,1,4499
2306DR7175,DENIM,D1517,32,1,4499
2306DR1588,DENIM,D1551,32,1,4599
2310DR2423,DENIM,D1553A,32,1,4499
2310DR2438,DENIM,D1553A,32,1,4499
2304DR14842,DENIM,D1529,32,1,4499
2305DR466,DENIM,D1526,32,1,4499
2210342,CARGO,CARGO24,38,1,4199
2210316,CARGO,CARGO25,36,1,3999
2101287,COTTON TROUSER,CT2599,40,1,2799
20123349,COTTON TROUSER,CT837,38,1,3699
2305DR6093,COTTON TROUSER,CT983,38,1,4699
2305DR8275,COTTON TROUSER,CT986,38,1,4699
2305DR5392,COTTON TROUSER,CT979,38,1,4699
2307DR4379,DENIM,D1569,28,1,4499
2308DR7310,DENIM,D1555,28,1,4299
2306DR3390,DENIM,D1539,28,1,4599
2303DR270,DENIM,D1510,28,1,4499
2310DR3414,DENIM,D1556,28,1,4499
2310DR2395,DENIM,D1553A,28,1,4499
2309DR1735,DENIM,D1577,28,1,4499
2306DR6835,DENIM,D1533,28,1,4399
2306DR8072,DENIM,D1569,28,1,4499
2307DR4444,DENIM,D1568A,28,1,4499
2207236,DENIM,D1449,38,1,4699
2204DR598,DENIM,D1422B,38,1,4699
2211DR235,WAIST COAT,J5214,M,1,4499
2208DR3270,DENIM,D1457,38,1,4699
2208DR3227,DENIM,D1457,38,1,4699
2207DR1647,DENIM,D1442,38,1,4799
2212DR876,DENIM,D1489,38,1,4599
2205DR1061,DENIM,D1431,38,1,4699
2211DR3206,DENIM,D1486,38,1,4799
2312DR2747,DENIM,D1587A,38,1,4699
2211DR2270,DENIM,D1484,38,1,4799
2207DR1316,DENIM,D1440,38,1,4699
2306DR3579,DENIM,D1550,32,1,4599
2310DR2405,DENIM,D1553A,30,1,4499
2303DR2710,DENIM,D1513,30,1,4599
2310DR3427,DENIM,D1556,30,1,4499
2209DR1691,DENIM,D1463,30,1,4499
2303DR5764,DENIM,D1517,30,1,4499
2306DR2987,DENIM,D1542,30,1,4599
2309DR1766,DENIM,D1578,28,1,4499
2306DR6857,DENIM,D1532,28,1,4399
2209DR2203,DENIM,D1464,36,1,4499
2303DR5910,DENIM,D1517,36,1,4499
2304DR1416,DENIM,D1518,36,1,4499
2211DR897,DENIM,D1483,36,1,4499
2209DR3247,DENIM,D1466,36,1,4499
2208DR4544,DENIM,D1458,38,1,4699
2304DR10241,DENIM,D1525,36,1,4499
2303DR5985,DENIM,D1516,36,1,4599
2209DR1882,DENIM,D1463,36,1,4499
2304DR15602,DENIM,D1529,36,1,4499
2304DR9494,DENIM,D1524,36,1,4499
2312DR2669,DENIM,D1587A,30,1,4499
2306DR3608,DENIM,D1550,34,1,4599
2304DR15028,DENIM,D1529,32,1,4499
2304DR10182,DENIM,D1525,34,1,4499
2305DR524,DENIM,D1526,34,1,4499
2212DR1192,DENIM,D1491,34,1,4599
2304DR14706,DENIM,D1529,30,1,4499
2310DR11453,DENIM,D1531,28,1,4499
2212DR1221,DENIM,D1491,34,1,4599
2209DR3228,DENIM,D1466,34,1,4499
2305DR228,DENIM,D1530,34,1,4499
2302DR1014,DENIM,D1502,32,1,4599
2310DR2742,DENIM,D1553B,30,1,4499
2310DR9349,DENIM,D1534,30,1,4499
2306DR7422,DENIM,D1510,30,1,4499
2308DR7326,DENIM,D1555,30,1,4299
2205DR788,DENIM,D1431,30,1,4499
2308DR7065,DENIM,D1570,30,1,4299
2304DR14628,DENIM,D1496,30,1,4599
2306DR7939,DENIM,D1569,30,1,4499
2304DR14944,DENIM,D1529,32,1,4499
2304DR9805,DENIM,D1525,32,1,4499
2208DR4105,DENIM,D1454,32,1,4499
2304DR10857,DENIM,D1527,32,1,4499
2304DR4251,DENIM,D1518,32,1,4499
2308DR4950,DENIM,D1572,30,1,4599
2304DR13382,DENIM,D1522,30,1,4599
2306DR3666,DENIM,D1549,30,1,4599
2310DR11487,DENIM,D1556B,30,1,4499
2308DR3448,DENIM,D1573,30,1,4599
2304DR13221,DENIM,D1528,30,1,4499
2305DR63,DENIM,D1530,32,1,4499
2304DR10350,DENIM,D1526,32,1,4499
2208DR4129,DENIM,D1454,32,1,4499
2306DR7551,DENIM,D1510,34,1,4499
2306DR7876,DENIM,D1568A,34,1,4499
2304DR13446,DENIM,D1522,34,1,4599
2212DR1600,DENIM,D1493,38,1,4599
2204DR1062,DENIM,D1426,38,1,4699
2111DR1652,DENIM,D1404,38,1,4699
2302DR8813,DENIM,D1509,36,1,4599
2302DR8922,DENIM,D1506,36,1,4599
2310DR8719,DENIM,D1531,36,1,4499
2306DR7895,DENIM,D1568A,36,1,4499
2306DR1563,DENIM,D1538,36,1,4599
2205DR7849,DENIM,D1432,36,1,4499
2209DR3628,DENIM,D1467,38,1,4699
2211DR2673,DENIM,D1486,38,1,4799
2208DR4351,DENIM,D1454,38,1,4699
2212DR890,DENIM,D1489,38,1,4599
2208DR5183,DENIM,D1462,38,1,4699
2207DR408,DENIM,D1432,38,1,4699
2208DR3249,DENIM,D1457,38,1,4699
2202DR5230,DENIM,D1418,38,1,4699
2207DR2424,DENIM,D1446,38,1,4699
2209DR1938,DENIM,D1463,38,1,4699
2208DR4297,DENIM,D1454,36,1,4499
2310DR2483,DENIM,D1553A,36,1,4499
2309DR239,DENIM,D1572B,36,1,4599
2306DR7600,DENIM,D1510,36,1,4499
2304DR4883,DENIM,D1515,36,1,4599
2310DR2270,DENIM,D1559,30,1,4499
2308DR3687,DENIM,D1572B,34,1,4599
2310DR2333,DENIM,D1559,34,1,4499
2306DR6138,DENIM,D1550,34,1,4599
2205DR1026,DENIM,D1431,36,1,4499
2302DR1309,DENIM,D1503,36,1,4599
2209DR2157,DENIM,D1464,36,1,4499
2208DR3219,DENIM,D1457,36,1,4499
2208DR3563,DENIM,D1456,36,1,4499
2312DR2700,DENIM,D1587A,34,1,4499
2304DR13307,DENIM,D1528,36,1,4499
2311DR2750,DENIM,D1585,38,1,4699
2204DR1246,DENIM,D1426A,38,1,4699
2304DR11025,DENIM,D1526,36,1,4499
2304DR10505,DENIM,D1526,32,1,4499
2310DR2474,DENIM,D1553A,34,1,4499
2306DR5712,DENIM,D1565,34,1,4599
2210DR4479,DENIM,D1477,34,1,4499
2310DR2814,DENIM,D1553B,34,1,4499
2212DR962,DENIM,D1490,34,1,4599
2304DR4326,DENIM,D1518,34,1,4499
2304DR9206,DENIM,D1524,34,1,4499
2208DR4209,DENIM,D1454,34,1,4499
2205DR957,DENIM,D1431,34,1,4499
2208DR4454,DENIM,D1458,34,1,4499
2310DR8693,DENIM,D1531,34,1,4499
2304DR13280,DENIM,D1528,34,1,4499
2306DR5050,DENIM,D1545,34,1,4599
2306DR6183,DENIM,D1551,34,1,4599
2304DR15441,DENIM,D1529,34,1,4499
2306DR3347,DENIM,D1535,30,1,4599
2304DR13224,DENIM,D1528,30,1,4499
2207256,DENIM,D1450,30,1,4499
2304DR10539,DENIM,D1526,30,1,4499
2205DR878,DENIM,D1431,32,1,4499
2208DR2934,DENIM,D1457,32,1,4499
2310DR2775,DENIM,D1553B,32,1,4499
2210DR4719,DENIM,D1477,34,1,4499
2304DR10780,DENIM,D1527,32,1,4499
2310DR2327,DENIM,D1559,32,1,4499
2208DR3039,DENIM,D1457,32,1,4499
2208DR3904,DENIM,D1455,34,1,4499
2208DR4214,DENIM,D1454,34,1,4499
21061990,CARGO,CARGO-33,32,1,3999
2305DR5851,COTTON TROUSER,CT982,34,1,4499
230615,CORE,CORE-06,30,1,2999
2304DR12695,COTTON TROUSER,CT951,30,1,3999
2305DR3036,COTTON TROUSER,CT960,30,1,4499
2305DR3053,COTTON TROUSER,CT960,30,1,4499
2305DR2540,COTTON TROUSER,CT956,30,1,4499
2305DR5633,COTTON TROUSER,CT981,30,1,4499
2305DR5944,COTTON TROUSER,CT983,30,1,4499
2205DR7293,COTTON TROUSER,CT915,30,1,4499
23043385,COTTON TROUSER,CT940,30,1,4499
23043455,COTTON TROUSER,CT940,34,1,4499
2205DR7305,COTTON TROUSER,CT915,32,1,4499
2305DR9766,COTTON TROUSER,CT994,32,1,4499
2302224,COTTON TROUSER,CT923,32,1,4499
2305DR3528,COTTON TROUSER,CT971,32,1,4499
2305DR5678,COTTON TROUSER,CT981,32,1,4499
2306744,CORE,CORE-10,34,1,2999
23043324,COTTON TROUSER,CT939,34,1,4499
19031373,COTTON TROUSER,RFD-06,40,1,2899
2305DR9701,COTTON TROUSER,CT994,30,1,4499
2305DR5714,COTTON TROUSER,CT981,34,1,4499
2205DR7325,COTTON TROUSER,CT915,34,1,4499
2305DR8159,COTTON TROUSER,CT986,34,1,4499
23043094,CORE,CORE-01,34,1,2999
20128714,COTTON TROUSER,CT843,38,1,3699
19031013,COTTON TROUSER,RFD-45,40,1,2899
1903645,COTTON TROUSER,RFD-26,40,1,2899
1903649,COTTON TROUSER,RFD-26,40,1,2899
19062992,COTTON TROUSER,RFD-105,40,1,2899
19063111,COTTON TROUSER,RFD-106,40,1,2899
77710007867,COTTON TROUSER,CT446,40,1,2399
20063198,COTTON TROUSER,CT2599,40,1,2799
19094236,COTTON TROUSER,CT2499,40,1,2699
77710023049,COTTON TROUSER,CT555,40,1,2699
2109896,COTTON TROUSER,CT2599,40,1,2799
77710014453,COTTON TROUSER,CT198,40,1,2299
77710023073,COTTON TROUSER,CT565,40,1,2699
77710008503,COTTON TROUSER,CT523,40,1,2699
77710008536,COTTON TROUSER,CT525,40,1,2399
19052349,COTTON TROUSER,CT582,40,1,2799
2111DR6451,COTTON TROUSER,CT772,38,1,3199
2111DR6231,COTTON TROUSER,CT780,38,1,3199
23061369,CORE,CORE-15,38,1,3199
2306372,CORE,CORE-07,38,1,3199
2302389,COTTON TROUSER,CT923,38,1,4699
2306156,CORE,CORE-06,36,1,2999
23044428,COTTON TROUSER,CT957,36,1,3999
2305DR5909,COTTON TROUSER,CT982,36,1,4499
2302363,COTTON TROUSER,CT923,36,1,4499
2304DR12747,COTTON TROUSER,CT951,36,1,3999
2302727,COTTON TROUSER,CT925,36,1,4499
23043506,COTTON TROUSER,CT940,36,1,4499
2305DR9894,COTTON TROUSER,CT994,36,1,4499
2304DR12527,COTTON TROUSER,CT943,36,1,3999
2302368,COTTON TROUSER,CT923,36,1,4499
2305DR6065,COTTON TROUSER,CT983,36,1,4499
23043105,CORE,CORE-01,36,1,2999
2305DR8237,COTTON TROUSER,CT986,36,1,4499
2305DR3225,COTTON TROUSER,CT960,36,1,4499
2305DR5770,COTTON TROUSER,CT981,36,1,4499
21062059,CARGO,CARGO-34,32,1,3999
21062072,CARGO,CARGO-34,32,1,3999
21062114,CARGO,CARGO-34,36,1,3999
2210319,CARGO,CARGO25,38,1,4199
2205951,CARGO,CARGO-33,36,1,3999
2402922,COTTON-LOWER,L0004,XL,1,2999
24021152,COTTON-LOWER,L0007,XXL,1,2999
24021120,COTTON-LOWER,L0007,XL,1,2999
24021028,COTTON-LOWER,L0005,XXL,1,2999
20094143,LOWER,L1699,3XL,1,1599
2104DR40,CARGO,ARMY-01,30,1,3995
2402975,COTTON-LOWER,L0005,L,1,2999
2203DR6295,LOWER,L428,M,1,2499
2302DR6967,LOWER,L428,M,1,2499
2203DR5975,LOWER,L426,M,1,2499
2203DR6296,LOWER,L428,M,1,2499
2302DR6459,LOWER,L427,L,1,2499
2302DR7098,LOWER,L428,L,1,2499
2302DR7079,LOWER,L428,L,1,2499
2204DR2795,LOWER,L426,L,1,2499
2204DR2898,LOWER,L426,XL,1,2499
2302DR7441,LOWER,L428,XXL,1,2499
2302DR6216,LOWER,L426,XXL,1,2499
2302DR7565,LOWER,L428,3XL,1,2599
2302DR7594,LOWER,L428,3XL,1,2599
2302DR6602,LOWER,L427,XL,1,2499
2203DR5857,LOWER,L425,XL,1,2499
2302DR6726,LOWER,L427,XL,1,2499
2302DR5946,LOWER,L426,XL,1,2499
2302DR6054,LOWER,L426,XL,1,2499
2302DR6690,LOWER,L427,XL,1,2499
2302DR6034,LOWER,L426,XL,1,2499
2302DR6099,LOWER,L426,XL,1,2499
2302DR8075,LOWER,L425,XXL,1,2499
2302DR6873,LOWER,L427,XXL,1,2499
2302DR7427,LOWER,L428,XXL,1,2499
2302DR7570,LOWER,L428,3XL,1,2599
2302DR7691,LOWER,L425,M,1,2499
2302DR6518,LOWER,L427,L,1,2499
2302DR5882,LOWER,L426,L,1,2499
2302DR7732,LOWER,L425,L,1,2499
2302DR6535,LOWER,L427,L,1,2499
2302DR7156,LOWER,L428,L,1,2499
2204DR2751,LOWER,L426,L,1,2499
2203DR5960,LOWER,L426,M,1,2499
2302DR6374,LOWER,L427,M,1,2499
2302DR5748,LOWER,L426,M,1,2499
2302DR6314,LOWER,L427,M,1,2499
2302DR7015,LOWER,L428,M,1,2499
2403DR2482,LOWER,L0016,L,1,2999
2203DR5754,LOWER,L425,L,1,2499
2204DR2819,LOWER,L426,L,1,2499
24021160,COTTON-LOWER,L0007,3XL,1,3199
2207DR3774,BOXER,B-0020,L,1,599
2207DR4354,BOXER,B-0022,L,1,599
